id,event_id,start_date_time,sold_out,cancelled_at
2828,164,2013-08-24T22:00:00-04:00,False,None
1155,164,2011-07-30T23:30:00-04:00,False,None
1844,164,2012-08-04T19:30:00-04:00,False,None
2825,164,2013-08-23T19:30:00-04:00,False,None
5193,164,2013-08-22T21:45:00-04:00,False,None
2824,164,2013-08-22T21:45:00-04:00,False,None
1072,164,2011-07-30T19:00:00-04:00,False,None
1073,164,2011-07-30T21:15:00-04:00,False,None
1071,164,2011-07-29T22:30:00-04:00,False,None
1070,164,2011-07-29T20:00:00-04:00,False,None
1842,164,2012-08-03T19:30:00-04:00,False,None
1845,164,2012-08-04T22:00:00-04:00,False,None
2823,164,2013-08-22T19:30:00-04:00,False,None
2826,164,2013-08-23T22:00:00-04:00,False,None
2827,164,2013-08-24T19:30:00-04:00,False,None
1843,164,2012-08-03T22:00:00-04:00,False,None
499,167,2010-10-09T22:30:00-04:00,False,None
495,167,2010-10-07T20:00:00-04:00,False,None
496,167,2010-10-08T20:00:00-04:00,False,None
497,167,2010-10-08T22:30:00-04:00,False,None
498,167,2010-10-09T20:00:00-04:00,False,None
494,167,2010-10-06T20:00:00-04:00,False,None
1095,174,2011-08-18T20:00:00-04:00,False,None
1096,174,2011-08-19T20:00:00-04:00,False,None
1745,174,2012-06-30T19:30:00-04:00,False,None
1746,174,2012-06-30T22:00:00-04:00,False,None
1097,174,2011-08-19T22:30:00-04:00,False,None
1094,174,2011-08-17T20:00:00-04:00,False,None
1093,174,2011-08-20T20:00:00-04:00,False,None
1098,174,2011-08-20T22:30:00-04:00,False,None
1742,174,2012-06-28T20:00:00-04:00,False,None
1741,174,2012-06-27T20:00:00-04:00,False,None
1743,174,2012-06-29T19:30:00-04:00,False,None
1744,174,2012-06-29T22:00:00-04:00,False,None
751,185,2011-02-23T20:00:00-05:00,False,None
752,185,2011-02-24T20:00:00-05:00,False,None
753,185,2011-02-25T20:00:00-05:00,False,None
755,185,2011-02-26T20:00:00-05:00,False,None
756,185,2011-02-26T22:30:00-05:00,False,None
1508,185,2012-02-25T20:00:00-05:00,False,None
1504,185,2012-02-22T20:00:00-05:00,False,None
1505,185,2012-02-23T20:00:00-05:00,False,None
1507,185,2012-02-24T22:30:00-05:00,False,None
1509,185,2012-02-25T22:30:00-05:00,False,None
2297,185,2013-03-15T19:30:00-04:00,False,None
2300,185,2013-03-16T22:00:00-04:00,False,None
2296,185,2013-03-14T20:00:00-04:00,False,None
2298,185,2013-03-15T22:00:00-04:00,False,None
2299,185,2013-03-16T19:30:00-04:00,False,None
754,185,2011-02-25T22:30:00-05:00,False,None
1506,185,2012-02-24T20:00:00-05:00,False,None
2295,185,2013-03-13T20:00:00-04:00,False,None
826,194,2011-04-16T22:30:00-04:00,False,None
827,194,2011-04-16T20:00:00-04:00,False,None
828,194,2011-04-15T22:30:00-04:00,False,None
829,194,2011-04-15T20:00:00-04:00,False,None
825,194,2011-04-14T20:00:00-04:00,False,None
918,194,2011-04-14T22:15:00-04:00,False,None
2581,204,2013-06-05T20:00:00-04:00,False,None
2586,204,2013-06-08T22:00:00-04:00,False,None
2585,204,2013-06-08T19:30:00-04:00,False,None
2583,204,2013-06-07T19:30:00-04:00,False,None
2582,204,2013-06-06T20:00:00-04:00,False,None
861,204,2011-04-20T20:00:00-04:00,False,None
862,204,2011-04-21T20:00:00-04:00,False,None
863,204,2011-04-22T20:00:00-04:00,False,None
864,204,2011-04-22T22:30:00-04:00,False,None
865,204,2011-04-23T20:00:00-04:00,False,None
2584,204,2013-06-07T22:00:00-04:00,False,None
866,204,2011-04-23T22:30:00-04:00,False,None
928,210,2011-06-02T20:00:00-04:00,False,None
997,214,2011-05-11T20:00:00-04:00,False,None
1012,216,2011-07-10T19:00:00-04:00,False,None
1789,216,2012-07-08T18:00:00-04:00,False,None
2876,216,2013-08-25T19:00:00-04:00,False,None
2867,216,2013-07-31T20:00:00-04:00,False,None
1009,216,2011-07-31T19:00:00-04:00,False,None
1013,216,2011-06-26T19:00:00-04:00,False,None
1006,216,2011-08-21T19:00:00-04:00,False,None
2872,216,2013-08-14T20:00:00-04:00,False,None
1792,216,2012-07-29T18:00:00-04:00,False,None
1230,216,2011-08-29T20:00:00-04:00,False,None
1214,216,2011-08-30T20:00:00-04:00,False,None
1248,216,2011-08-31T20:00:00-04:00,False,None
2873,216,2013-08-15T20:00:00-04:00,False,None
2869,216,2013-08-06T20:00:00-04:00,False,None
1007,216,2011-08-14T19:00:00-04:00,False,None
2874,216,2013-08-19T20:00:00-04:00,False,None
1793,216,2012-08-06T20:00:00-04:00,False,None
1008,216,2011-08-07T19:00:00-04:00,False,None
1791,216,2012-07-23T20:00:00-04:00,False,None
1794,216,2012-08-12T18:00:00-04:00,False,None
1062,216,2011-06-02T20:00:00-04:00,False,None
1014,216,2011-06-19T19:00:00-04:00,False,None
1785,216,2012-06-03T18:00:00-04:00,False,None
1788,216,2012-06-24T18:00:00-04:00,False,None
1005,216,2011-06-05T19:00:00-04:00,False,None
1212,216,2011-08-28T19:00:00-04:00,False,None
1213,216,2011-08-29T19:00:00-04:00,False,None
1787,216,2012-06-17T18:00:00-04:00,False,None
1786,216,2012-06-11T20:00:00-04:00,False,None
2866,216,2013-07-30T20:00:00-04:00,False,None
2868,216,2013-08-05T20:00:00-04:00,False,None
2871,216,2013-08-13T20:00:00-04:00,False,None
1011,216,2011-07-17T19:00:00-04:00,False,None
2870,216,2013-08-12T20:00:00-04:00,False,None
1015,216,2011-06-12T19:00:00-04:00,False,None
1010,216,2011-07-24T19:00:00-04:00,False,None
1790,216,2012-07-15T18:00:00-04:00,False,None
1795,216,2012-08-13T20:00:00-04:00,False,None
2875,216,2013-08-20T20:00:00-04:00,False,None
1027,219,2011-07-14T20:00:00-04:00,False,None
1030,219,2011-07-16T20:00:00-04:00,False,None
1028,219,2011-07-15T20:00:00-04:00,False,None
1029,219,2011-07-15T22:30:00-04:00,False,None
1031,219,2011-07-16T22:30:00-04:00,False,None
1026,219,2011-07-13T20:00:00-04:00,False,None
1118,222,2011-08-25T20:00:00-04:00,False,None
1677,222,2012-06-02T19:30:00-04:00,False,None
1673,222,2012-05-30T20:00:00-04:00,False,None
1678,222,2012-06-02T22:00:00-04:00,False,None
1121,222,2011-08-27T20:00:00-04:00,False,None
1122,222,2011-08-27T22:30:00-04:00,False,None
1120,222,2011-08-26T22:30:00-04:00,False,None
1674,222,2012-05-31T20:00:00-04:00,False,None
1675,222,2012-06-01T19:30:00-04:00,False,None
1117,222,2011-08-24T20:00:00-04:00,False,None
1119,222,2011-08-26T20:00:00-04:00,False,None
1676,222,2012-06-01T22:00:00-04:00,False,None
2410,256,2013-04-03T20:00:00-04:00,False,None
1668,256,2012-05-17T20:00:00-04:00,False,None
2413,256,2013-04-05T22:00:00-04:00,False,None
2415,256,2013-04-06T22:30:00-04:00,False,None
1669,256,2012-05-18T19:30:00-04:00,False,None
1671,256,2012-05-19T19:30:00-04:00,False,None
1672,256,2012-05-19T22:00:00-04:00,False,None
2411,256,2013-04-04T20:00:00-04:00,False,None
2412,256,2013-04-05T19:30:00-04:00,False,None
1670,256,2012-05-18T22:00:00-04:00,False,None
2414,256,2013-04-06T20:00:00-04:00,False,None
1942,269,2012-09-15T22:00:00-04:00,False,None
1937,269,2012-09-12T20:00:00-04:00,False,None
1939,269,2012-09-14T19:30:00-04:00,False,None
1941,269,2012-09-15T19:30:00-04:00,False,None
1940,269,2012-09-14T22:00:00-04:00,False,None
1938,269,2012-09-13T20:00:00-04:00,False,None
2579,282,2013-05-25T19:30:00-04:00,False,None
2578,282,2013-05-24T22:00:00-04:00,False,None
2576,282,2013-05-23T20:00:00-04:00,False,None
2110,282,2012-12-13T20:00:00-05:00,False,None
2111,282,2012-12-14T19:30:00-05:00,False,None
2112,282,2012-12-14T22:00:00-05:00,False,None
2113,282,2012-12-15T19:30:00-05:00,False,None
2114,282,2012-12-15T22:00:00-05:00,False,None
2577,282,2013-05-24T19:30:00-04:00,False,None
2580,282,2013-05-25T22:00:00-04:00,False,None
2109,282,2012-12-12T20:00:00-05:00,False,None
2164,285,2013-01-04T22:00:00-05:00,False,None
2163,285,2013-01-04T19:30:00-05:00,False,None
2166,285,2013-01-05T22:00:00-05:00,False,None
2162,285,2013-01-03T20:00:00-05:00,False,None
2161,285,2013-01-02T20:00:00-05:00,False,None
2165,285,2013-01-05T19:30:00-05:00,False,None
2257,288,2013-02-08T19:30:00-05:00,False,None
2259,288,2013-02-09T19:30:00-05:00,False,None
2260,288,2013-02-09T22:00:00-05:00,False,None
2258,288,2013-02-08T22:00:00-05:00,False,None
2704,297,2013-07-20T22:00:00-04:00,False,None
2700,297,2013-07-18T20:00:00-04:00,False,None
2701,297,2013-07-19T19:30:00-04:00,False,None
2703,297,2013-07-20T19:30:00-04:00,False,None
2702,297,2013-07-19T22:00:00-04:00,False,None
2941,317,2013-08-26T20:00:00-04:00,False,None
2940,317,2013-08-29T20:00:00-04:00,False,None
5196,317,2013-08-29T20:00:00-04:00,False,None
2942,317,2013-08-27T20:00:00-04:00,False,None
2943,318,2013-08-28T20:00:00-04:00,False,None
3034,328,2013-11-08T22:00:00-05:00,False,None
3036,328,2013-11-09T22:00:00-05:00,False,None
3031,328,2013-11-06T20:00:00-05:00,False,None
3032,328,2013-11-07T20:00:00-05:00,False,None
5207,328,2013-11-06T20:00:00-05:00,False,None
5208,328,2013-11-07T20:00:00-05:00,False,None
3035,328,2013-11-09T19:30:00-05:00,False,None
3033,328,2013-11-08T19:30:00-05:00,False,None
5093,1285,2015-01-23T19:30:00-05:00,True,None
5096,1285,2015-01-24T22:00:00-05:00,False,None
5094,1285,2015-01-23T22:00:00-05:00,False,None
5095,1285,2015-01-24T19:30:00-05:00,True,None
5092,1285,2015-01-22T19:30:00-05:00,False,None
5097,1285,2015-01-22T21:45:00-05:00,False,None
5597,1338,2015-01-17T23:59:00-05:00,False,None
7501,1338,2015-03-14T23:59:00-04:00,False,None
7549,1338,2015-04-25T23:59:00-04:00,False,None
7504,1338,2015-04-04T23:59:00-04:00,False,None
149,66,2010-02-03T20:00:00-05:00,False,None
150,66,2010-02-04T20:00:00-05:00,False,None
152,66,2010-02-05T22:30:00-05:00,False,None
153,66,2010-02-06T20:00:00-05:00,False,None
151,66,2010-02-05T20:00:00-05:00,False,None
154,66,2010-02-06T22:30:00-05:00,False,None
7,2,2009-09-17T20:00:00-04:00,False,None
8,2,2009-09-18T20:00:00-04:00,False,None
9,2,2009-09-18T22:30:00-04:00,False,None
10,2,2009-09-19T20:00:00-04:00,False,None
11,2,2009-09-19T22:30:00-04:00,False,None
6,2,2009-09-16T20:00:00-04:00,False,None
14,3,2009-09-25T20:00:00-04:00,False,None
17,3,2009-09-26T22:30:00-04:00,False,None
12,3,2009-09-23T20:00:00-04:00,False,None
13,3,2009-09-24T20:00:00-04:00,False,None
15,3,2009-09-25T22:30:00-04:00,False,None
16,3,2009-09-26T20:00:00-04:00,False,None
160,67,2010-02-13T22:30:00-05:00,False,None
155,67,2010-02-10T20:00:00-05:00,False,None
156,67,2010-02-11T20:00:00-05:00,False,None
157,67,2010-02-12T20:00:00-05:00,False,None
158,67,2010-02-12T22:30:00-05:00,False,None
159,67,2010-02-13T20:00:00-05:00,False,None
23,7,2009-08-15T17:30:00-04:00,False,None
24,8,2009-10-07T20:00:00-04:00,False,None
25,8,2009-10-08T20:00:00-04:00,False,None
26,8,2009-10-09T20:00:00-04:00,False,None
27,8,2009-10-09T22:30:00-04:00,False,None
28,8,2009-10-10T20:00:00-04:00,False,None
29,8,2009-10-10T22:30:00-04:00,False,None
30,9,2009-10-15T19:30:00-04:00,False,None
35,10,2009-10-17T23:30:00-04:00,False,None
32,10,2009-10-16T22:30:00-04:00,False,None
34,10,2009-10-17T21:00:00-04:00,False,None
33,10,2009-10-17T19:00:00-04:00,False,None
31,10,2009-10-16T20:00:00-04:00,False,None
36,10,2009-10-18T20:00:00-04:00,False,None
45,13,2009-09-04T22:30:00-04:00,False,None
46,13,2009-09-05T20:00:00-04:00,False,None
47,13,2009-09-05T22:30:00-04:00,False,None
43,13,2009-09-03T20:00:00-04:00,False,None
42,13,2009-09-02T20:00:00-04:00,False,None
44,13,2009-09-04T20:00:00-04:00,False,None
2503,14,2013-05-10T19:30:00-04:00,False,None
2504,14,2013-05-10T22:00:00-04:00,False,None
2505,14,2013-05-11T19:30:00-04:00,False,None
2506,14,2013-05-11T22:00:00-04:00,False,None
657,14,2011-01-20T20:00:00-05:00,False,None
1512,14,2012-03-02T20:00:00-05:00,False,None
659,14,2011-01-21T22:30:00-05:00,False,None
660,14,2011-01-22T20:00:00-05:00,False,None
658,14,2011-01-21T20:00:00-05:00,False,None
661,14,2011-01-22T22:30:00-05:00,False,None
1513,14,2012-03-02T22:30:00-05:00,False,None
1515,14,2012-03-03T22:30:00-05:00,False,None
1510,14,2012-02-29T20:00:00-05:00,False,None
1511,14,2012-03-01T20:00:00-05:00,False,None
1514,14,2012-03-03T20:00:00-05:00,False,None
2502,14,2013-05-08T20:00:00-04:00,False,None
656,14,2011-01-19T20:00:00-05:00,False,None
48,15,2009-09-09T20:00:00-04:00,False,None
49,16,2009-10-04T19:30:00-04:00,False,None
82,17,2009-11-28T01:00:00-05:00,False,None
101,17,2009-12-05T02:15:00-05:00,False,None
1992,18,2012-10-21T19:00:00-04:00,False,None
52,19,2009-11-05T20:00:00-05:00,False,None
1179,19,2011-09-09T22:30:00-04:00,False,None
53,19,2009-11-06T20:00:00-05:00,False,None
54,19,2009-11-06T22:30:00-05:00,False,None
55,19,2009-11-07T20:00:00-05:00,False,None
56,19,2009-11-07T22:30:00-05:00,False,None
1181,19,2011-09-10T22:30:00-04:00,False,None
1176,19,2011-09-07T20:00:00-04:00,False,None
51,19,2009-11-04T20:00:00-05:00,False,None
1177,19,2011-09-08T20:00:00-04:00,False,None
1178,19,2011-09-09T20:00:00-04:00,False,None
1180,19,2011-09-10T20:00:00-04:00,False,None
69,30,2009-11-14T20:00:00-05:00,False,None
70,30,2009-11-14T22:30:00-05:00,False,None
65,30,2009-11-11T20:00:00-05:00,False,None
66,30,2009-11-12T20:00:00-05:00,False,None
67,30,2009-11-13T20:00:00-05:00,False,None
68,30,2009-11-13T22:30:00-05:00,False,None
71,31,2009-11-19T20:00:00-05:00,True,None
72,31,2009-11-20T20:00:00-05:00,True,None
73,31,2009-11-20T22:30:00-05:00,True,None
74,31,2009-11-21T20:00:00-05:00,False,None
75,31,2009-11-21T22:30:00-05:00,True,None
161,68,2010-02-14T20:00:00-05:00,False,None
76,32,2010-02-26T20:00:00-05:00,False,None
92,41,2009-12-11T22:30:00-05:00,False,None
89,41,2009-12-09T20:00:00-05:00,False,None
90,41,2009-12-10T20:00:00-05:00,False,None
91,41,2009-12-11T20:00:00-05:00,False,None
94,41,2009-12-12T22:30:00-05:00,False,None
93,41,2009-12-12T20:00:00-05:00,False,None
100,43,2009-10-21T20:00:00-04:00,False,None
321,44,2010-05-21T22:30:00-04:00,False,None
519,45,2010-09-16T20:00:00-04:00,False,None
189,81,2010-01-19T20:00:00-05:00,False,None
1087,46,2011-08-10T20:00:00-04:00,False,None
2448,46,2013-03-21T20:00:00-04:00,False,None
1090,46,2011-08-12T22:30:00-04:00,False,None
1091,46,2011-08-13T20:00:00-04:00,False,None
1092,46,2011-08-13T22:30:00-04:00,False,None
1088,46,2011-08-11T20:00:00-04:00,False,None
1089,46,2011-08-12T20:00:00-04:00,False,None
109,51,2009-11-25T20:00:00-05:00,False,None
111,52,2009-12-30T20:00:00-05:00,False,None
112,52,2009-12-31T20:00:00-05:00,False,None
113,52,2009-12-31T22:30:00-05:00,False,None
115,52,2010-01-02T22:30:00-05:00,False,None
114,52,2010-01-02T20:00:00-05:00,False,None
2327,55,2013-01-23T20:00:00-05:00,False,None
1372,55,2011-10-26T20:00:00-04:00,False,None
122,56,2009-12-16T20:00:00-05:00,False,None
123,56,2009-12-17T20:00:00-05:00,False,None
1436,57,2011-12-03T22:30:00-05:00,False,None
1435,57,2011-12-03T20:00:00-05:00,False,None
1434,57,2011-12-02T22:30:00-05:00,False,None
1433,57,2011-12-02T20:00:00-05:00,False,None
1432,57,2011-12-01T20:00:00-05:00,False,None
513,57,2010-09-22T20:00:00-04:00,False,None
514,57,2010-09-23T20:00:00-04:00,False,None
197,84,2010-01-27T20:00:00-05:00,False,None
198,84,2010-01-28T20:00:00-05:00,False,None
199,84,2010-01-29T20:00:00-05:00,False,None
200,84,2010-01-29T22:30:00-05:00,False,None
201,84,2010-01-30T20:00:00-05:00,False,None
202,84,2010-01-30T22:30:00-05:00,False,None
205,85,2010-02-08T20:00:00-05:00,False,None
223,87,2010-04-09T22:30:00-04:00,False,None
2060,87,2012-12-01T19:30:00-05:00,False,None
2057,87,2012-11-29T20:00:00-05:00,False,None
224,87,2010-04-10T20:00:00-04:00,False,None
225,87,2010-04-10T22:30:00-04:00,False,None
2059,87,2012-11-30T22:00:00-05:00,False,None
2058,87,2012-11-30T19:30:00-05:00,False,None
2061,87,2012-12-01T22:00:00-05:00,False,None
219,87,2010-04-07T20:00:00-04:00,False,None
221,87,2010-04-08T20:00:00-04:00,False,None
222,87,2010-04-09T20:00:00-04:00,False,None
227,89,2010-03-25T20:00:00-04:00,False,None
226,89,2010-03-24T20:00:00-04:00,False,None
228,89,2010-03-26T20:00:00-04:00,False,None
229,89,2010-03-26T22:30:00-04:00,False,None
231,89,2010-03-27T22:30:00-04:00,False,None
230,89,2010-03-27T20:00:00-04:00,False,None
235,90,2010-04-16T22:30:00-04:00,False,None
233,90,2010-04-15T20:00:00-04:00,False,None
234,90,2010-04-16T20:00:00-04:00,False,None
236,90,2010-04-17T20:00:00-04:00,False,None
237,90,2010-04-17T22:30:00-04:00,False,None
1288,91,2011-11-17T20:00:00-05:00,False,None
1292,91,2011-11-19T22:30:00-05:00,False,None
1123,91,2011-08-31T20:00:00-04:00,False,None
1291,91,2011-11-19T20:00:00-05:00,False,None
2047,91,2012-11-15T20:00:00-05:00,False,None
1290,91,2011-11-18T22:30:00-05:00,False,None
1124,91,2011-09-02T20:00:00-04:00,False,None
1125,91,2011-09-02T22:30:00-04:00,False,None
1126,91,2011-09-03T20:00:00-04:00,False,None
1127,91,2011-09-03T22:30:00-04:00,False,None
1128,91,2011-09-01T19:30:00-04:00,False,None
1287,91,2011-11-16T20:00:00-05:00,False,None
2048,91,2012-11-16T19:30:00-05:00,False,None
2049,91,2012-11-16T22:00:00-05:00,False,None
2050,91,2012-11-17T19:30:00-05:00,False,None
2051,91,2012-11-17T22:00:00-05:00,False,None
1289,91,2011-11-18T20:00:00-05:00,False,None
238,92,2010-04-07T20:00:00-04:00,False,None
1129,93,2011-07-02T22:00:00-04:00,False,None
1146,119,2011-09-01T22:00:00-04:00,False,None
302,120,2010-06-24T20:00:00-04:00,False,None
303,120,2010-06-25T20:00:00-04:00,False,None
304,120,2010-06-25T22:30:00-04:00,False,None
305,120,2010-06-26T20:00:00-04:00,False,None
306,120,2010-06-26T22:30:00-04:00,False,None
1185,120,2011-09-29T20:00:00-04:00,False,None
1182,120,2011-10-01T20:00:00-04:00,False,None
1183,120,2011-10-01T22:30:00-04:00,False,None
1184,120,2011-09-30T22:30:00-04:00,False,None
1186,120,2011-09-30T20:00:00-04:00,False,None
310,122,2010-05-19T20:00:00-04:00,False,None
311,123,2010-06-16T19:00:00-04:00,False,None
451,133,2010-08-04T20:00:00-04:00,False,None
543,134,2010-09-29T20:00:00-04:00,False,None
650,135,2010-11-03T20:00:00-04:00,False,None
1439,137,2011-12-06T20:00:00-05:00,False,None
331,141,2010-07-25T19:30:00-04:00,False,None
327,141,2010-07-23T20:00:00-04:00,False,None
328,141,2010-07-23T22:30:00-04:00,False,None
329,141,2010-07-24T20:00:00-04:00,False,None
330,141,2010-07-24T22:30:00-04:00,False,None
326,141,2010-07-22T20:00:00-04:00,True,None
413,142,2010-07-23T22:30:00-04:00,False,None
412,142,2010-07-23T20:00:00-04:00,False,None
415,142,2010-07-24T21:15:00-04:00,False,None
416,142,2010-07-24T23:30:00-04:00,False,None
417,142,2010-07-25T19:30:00-04:00,False,None
414,142,2010-07-24T19:00:00-04:00,False,None
853,149,2011-02-23T20:00:00-05:00,False,None
854,149,2011-02-24T20:00:00-05:00,False,None
418,151,2010-07-07T20:00:00-04:00,False,None
419,152,2010-06-28T17:30:00-04:00,False,None
517,154,2010-09-27T18:15:00-04:00,False,None
516,154,2010-09-27T18:30:00-04:00,False,None
518,155,2010-09-27T18:30:00-04:00,False,None
889,157,2011-04-13T20:00:00-04:00,False,None
1687,157,2012-04-11T20:00:00-04:00,False,None
2786,157,2013-06-26T20:00:00-04:00,False,None
421,158,2010-08-18T20:00:00-04:00,False,None
422,158,2010-08-19T20:00:00-04:00,False,None
423,158,2010-08-20T20:00:00-04:00,False,None
424,158,2010-08-20T22:30:00-04:00,False,None
425,158,2010-08-21T20:00:00-04:00,False,None
426,158,2010-08-21T22:30:00-04:00,False,None
427,159,2010-08-25T20:00:00-04:00,False,None
428,159,2010-08-26T20:00:00-04:00,False,None
429,159,2010-08-27T20:00:00-04:00,False,None
2593,159,2013-06-28T19:30:00-04:00,False,None
430,159,2010-08-27T22:30:00-04:00,False,None
431,159,2010-08-28T20:00:00-04:00,False,None
432,159,2010-08-28T22:30:00-04:00,False,None
2592,159,2013-06-27T20:00:00-04:00,False,None
2596,159,2013-06-29T22:00:00-04:00,False,None
2594,159,2013-06-28T22:00:00-04:00,False,None
2595,159,2013-06-29T19:30:00-04:00,False,None
1310,162,2011-11-02T20:00:00-04:00,False,None
450,162,2010-08-11T20:00:00-04:00,False,None
492,165,2010-09-15T20:00:00-04:00,False,None
508,169,2010-10-28T20:00:00-04:00,False,None
509,169,2010-10-29T20:00:00-04:00,False,None
510,169,2010-10-29T22:30:00-04:00,False,None
511,169,2010-10-30T20:00:00-04:00,False,None
512,169,2010-10-30T22:30:00-04:00,False,None
888,197,2011-04-05T20:00:00-04:00,False,None
998,203,2011-05-24T20:00:00-04:00,False,None
921,209,2011-05-05T20:00:00-04:00,False,None
920,209,2011-05-04T20:00:00-04:00,False,None
2441,225,2013-03-05T20:00:00-05:00,False,None
2442,225,2013-03-12T20:00:00-04:00,False,None
2637,225,2013-04-30T20:00:00-04:00,False,None
2638,225,2013-05-07T20:00:00-04:00,False,None
1704,225,2012-04-17T20:00:00-04:00,False,None
1910,225,2012-07-24T20:00:00-04:00,False,None
1930,225,2012-08-14T20:00:00-04:00,False,None
2242,225,2012-12-11T20:00:00-05:00,False,None
2301,225,2013-01-08T20:00:00-05:00,False,None
2496,225,2013-03-19T20:00:00-04:00,False,None
1456,225,2011-12-13T20:00:00-05:00,False,None
1163,225,2011-07-26T20:00:00-04:00,False,None
1272,225,2011-09-13T20:00:00-04:00,False,None
1834,225,2012-06-05T20:00:00-04:00,False,None
2500,225,2013-04-02T20:00:00-04:00,False,None
2191,225,2012-11-27T20:00:00-05:00,False,None
2782,225,2013-07-02T20:00:00-04:00,False,None
1521,225,2011-12-27T20:00:00-05:00,False,None
2383,225,2013-02-05T20:00:00-05:00,False,None
2391,225,2013-02-12T20:00:00-05:00,False,None
1524,225,2012-01-03T20:00:00-05:00,False,None
1312,225,2011-10-04T20:00:00-04:00,False,None
1314,225,2011-10-11T20:00:00-04:00,False,None
1380,225,2011-10-25T20:00:00-04:00,False,None
1381,225,2011-11-01T20:00:00-04:00,False,None
1398,225,2011-11-08T20:00:00-05:00,False,None
1568,225,2012-02-21T20:00:00-05:00,False,None
1525,225,2012-01-10T20:00:00-05:00,False,None
1532,225,2012-01-17T20:00:00-05:00,False,None
1548,225,2012-01-24T20:00:00-05:00,False,None
1567,225,2012-02-07T20:00:00-05:00,False,None
1569,225,2012-02-28T20:00:00-05:00,False,None
1629,225,2012-03-06T20:00:00-05:00,False,None
1648,225,2012-03-20T20:00:00-04:00,False,None
1701,225,2012-04-10T20:00:00-04:00,False,None
1773,225,2012-05-01T20:00:00-04:00,False,None
1796,225,2012-05-15T20:00:00-04:00,False,None
1797,225,2012-05-22T20:00:00-04:00,False,None
1840,225,2012-06-12T20:00:00-04:00,False,None
1858,225,2012-06-19T20:00:00-04:00,False,None
1864,225,2012-06-26T20:00:00-04:00,False,None
1887,225,2012-07-10T20:00:00-04:00,False,None
1929,225,2012-08-07T20:00:00-04:00,False,None
1901,225,2012-07-18T20:00:00-04:00,False,None
1916,225,2012-07-31T20:00:00-04:00,False,None
1995,225,2012-09-11T20:00:00-04:00,False,None
1996,225,2012-09-25T20:00:00-04:00,False,None
1985,225,2012-08-28T20:00:00-04:00,False,None
2044,225,2012-10-02T20:00:00-04:00,False,None
2045,225,2012-10-09T20:00:00-04:00,False,None
2089,225,2012-10-16T20:00:00-04:00,False,None
2116,225,2012-10-23T20:00:00-04:00,False,None
2117,225,2012-10-30T20:00:00-04:00,False,None
2152,225,2012-11-06T20:00:00-05:00,False,None
2153,225,2012-11-20T20:00:00-05:00,False,None
2222,225,2012-12-04T20:00:00-05:00,False,None
2254,225,2012-12-18T20:00:00-05:00,False,None
2302,225,2013-01-15T20:00:00-05:00,False,None
2303,225,2013-01-22T20:00:00-05:00,False,None
2355,225,2013-01-29T20:00:00-05:00,False,None
2403,225,2013-02-19T20:00:00-05:00,False,None
2440,225,2013-02-26T20:00:00-05:00,False,None
2499,225,2013-03-27T20:00:00-04:00,False,None
2501,225,2013-04-16T20:00:00-04:00,False,None
2639,225,2013-05-21T20:00:00-04:00,False,None
2640,225,2013-05-28T20:00:00-04:00,False,None
2636,225,2013-04-23T20:00:00-04:00,False,None
2725,225,2013-06-04T20:00:00-04:00,False,None
2726,225,2013-06-11T20:00:00-04:00,False,None
2728,225,2013-06-25T20:00:00-04:00,False,None
2783,225,2013-07-09T20:00:00-04:00,False,None
2784,225,2013-07-16T20:00:00-04:00,False,None
2785,225,2013-07-23T20:00:00-04:00,False,None
1169,225,2011-08-09T20:00:00-04:00,False,None
1811,225,2012-05-29T20:00:00-04:00,False,None
1841,225,2012-06-13T20:00:00-04:00,False,None
1722,225,2012-04-24T20:00:00-04:00,False,None
1774,225,2012-05-08T20:00:00-04:00,False,None
2727,225,2013-06-18T20:00:00-04:00,False,None
1197,227,2011-09-22T20:00:00-04:00,False,None
1199,227,2011-09-23T22:00:00-04:00,False,None
1200,227,2011-09-24T19:30:00-04:00,False,None
1198,227,2011-09-23T19:30:00-04:00,False,None
1201,227,2011-09-24T22:00:00-04:00,False,None
1293,235,2011-11-12T17:00:00-05:00,False,None
1549,235,2012-03-10T17:00:00-05:00,False,None
2320,235,2013-03-02T16:30:00-05:00,False,None
1350,241,2011-12-23T20:00:00-05:00,False,None
1349,241,2011-12-22T20:00:00-05:00,False,None
1351,241,2011-12-23T22:30:00-05:00,False,None
1348,241,2011-12-21T20:00:00-05:00,False,None
1352,241,2011-12-24T19:30:00-05:00,False,None
1810,264,2012-07-17T20:00:00-04:00,False,None
2560,294,2013-04-09T20:00:00-04:00,False,None
3118,335,2013-10-02T20:00:00-04:00,False,None
3255,344,2013-12-31T20:15:00-05:00,True,None
3256,344,2013-12-31T22:30:00-05:00,False,None
3254,344,2013-12-31T18:00:00-05:00,False,None
3258,345,2013-12-27T19:30:00-05:00,True,None
3260,345,2013-12-28T19:30:00-05:00,True,None
3259,345,2013-12-27T22:00:00-05:00,True,None
3425,345,2013-12-26T22:15:00-05:00,False,None
3261,345,2013-12-28T22:00:00-05:00,True,None
3257,345,2013-12-26T20:00:00-05:00,True,None
3431,349,2014-02-11T20:00:00-05:00,False,None
3391,349,2014-01-28T20:00:00-05:00,False,None
3285,349,2013-12-17T20:00:00-05:00,False,None
3432,349,2014-02-18T20:00:00-05:00,False,None
3287,349,2014-01-14T20:00:00-05:00,False,None
5247,349,2014-01-14T20:00:00-05:00,False,None
3286,349,2014-01-07T20:00:00-05:00,False,None
3283,349,2013-12-03T20:00:00-05:00,False,None
3392,349,2014-02-04T20:00:00-05:00,False,None
3390,349,2014-01-21T20:00:00-05:00,False,None
3284,349,2013-12-10T20:00:00-05:00,False,None
3314,355,2014-02-07T22:00:00-05:00,False,None
5248,355,2014-02-05T20:00:00-05:00,False,None
3315,355,2014-02-08T19:30:00-05:00,True,None
3313,355,2014-02-07T19:30:00-05:00,False,None
3312,355,2014-02-06T20:00:00-05:00,False,None
3311,355,2014-02-05T20:00:00-05:00,False,None
3316,355,2014-02-08T22:00:00-05:00,False,None
3433,359,2014-02-13T20:00:00-05:00,False,None
5250,359,2014-02-13T20:00:00-05:00,False,None
5002,474,2015-01-10T19:30:00-05:00,False,None
4999,474,2015-01-08T20:00:00-05:00,False,None
5001,474,2015-01-09T22:00:00-05:00,False,None
5003,474,2015-01-10T21:45:00-05:00,False,None
5000,474,2015-01-09T19:30:00-05:00,False,None
5005,475,2015-01-16T19:30:00-05:00,True,None
5004,475,2015-01-15T20:00:00-05:00,False,None
5008,475,2015-01-17T21:45:00-05:00,True,None
5006,475,2015-01-16T22:00:00-05:00,False,None
5007,475,2015-01-17T19:30:00-05:00,True,None
28873,8351,2016-01-02T21:45:00-05:00,False,None
28872,8351,2016-01-02T19:30:00-05:00,False,None
29441,8541,2016-02-11T20:00:00-05:00,False,None
29439,8541,2016-02-13T21:45:00-05:00,False,None
32564,8541,2016-02-14T17:00:00-05:00,False,None
29442,8541,2016-02-12T22:00:00-05:00,False,None
29443,8541,2016-02-12T19:30:00-05:00,False,None
29444,8541,2016-02-14T19:30:00-05:00,False,None
29440,8541,2016-02-13T19:30:00-05:00,False,None
5083,1282,2015-03-03T20:00:00-05:00,False,None
5084,1282,2015-03-04T20:00:00-05:00,False,None
5081,1282,2015-03-01T21:15:00-05:00,False,None
5082,1282,2015-03-02T20:00:00-05:00,True,None
5080,1282,2015-03-01T19:00:00-05:00,True,None
5118,1291,2015-02-28T19:30:00-05:00,False,None
5116,1291,2015-02-27T19:30:00-05:00,False,None
5117,1291,2015-02-27T22:00:00-05:00,False,None
5119,1291,2015-02-28T21:45:00-05:00,True,None
4994,473,2015-01-03T21:45:00-05:00,False,None
4991,473,2015-01-02T19:30:00-05:00,False,None
4993,473,2015-01-03T19:30:00-05:00,False,None
4992,473,2015-01-02T22:00:00-05:00,False,None
4853,463,2014-12-21T19:00:00-05:00,False,None
28874,8353,2016-01-08T22:00:00-05:00,False,None
30468,8353,2016-01-06T20:00:00-05:00,False,None
28876,8353,2016-01-09T21:45:00-05:00,False,None
28878,8353,2016-01-09T19:30:00-05:00,False,None
28877,8353,2016-01-07T20:00:00-05:00,False,None
28875,8353,2016-01-08T19:30:00-05:00,False,None
4871,466,2014-12-27T19:30:00-05:00,False,None
4872,466,2014-12-27T22:00:00-05:00,False,None
4868,466,2014-12-28T21:30:00-05:00,True,None
4867,466,2014-12-28T19:00:00-05:00,True,None
4870,466,2014-12-26T22:00:00-05:00,True,None
4869,466,2014-12-26T19:30:00-05:00,True,None
5596,1320,2015-01-20T20:00:00-05:00,False,None
6695,1321,2015-02-18T20:00:00-05:00,False,None
5568,1321,2015-02-11T20:00:00-05:00,False,None
7505,1321,2015-04-08T20:00:00-04:00,False,None
36586,10822,2016-06-22T22:00:00-04:00,False,None
36573,10822,2016-06-01T22:00:00-04:00,False,None
36577,10822,2016-06-08T19:00:00-04:00,False,None
36581,10822,2016-06-15T19:00:00-04:00,False,None
36582,10822,2016-06-15T22:00:00-04:00,False,None
36583,10822,2016-06-21T19:00:00-04:00,False,None
36587,10822,2016-06-28T19:00:00-04:00,False,None
36585,10822,2016-06-22T19:00:00-04:00,False,None
36593,10822,2016-07-06T22:00:00-04:00,False,None
36590,10822,2016-06-29T22:00:00-04:00,False,None
36589,10822,2016-06-29T19:00:00-04:00,False,None
36594,10822,2016-07-06T19:00:00-04:00,False,None
36591,10822,2016-07-05T19:00:00-04:00,False,None
36592,10822,2016-07-05T22:00:00-04:00,False,None
36580,10822,2016-06-14T22:00:00-04:00,False,None
36579,10822,2016-06-14T19:00:00-04:00,False,None
36575,10822,2016-06-07T22:00:00-04:00,False,None
36584,10822,2016-06-21T22:00:00-04:00,False,None
36572,10822,2016-06-01T19:00:00-04:00,False,None
36574,10822,2016-06-07T19:00:00-04:00,False,None
36578,10822,2016-06-08T22:00:00-04:00,False,None
36588,10822,2016-06-28T22:00:00-04:00,False,None
5569,1318,2015-02-25T20:00:00-05:00,False,None
5565,1318,2015-01-07T20:00:00-05:00,False,None
7507,1318,2015-04-15T20:00:00-04:00,False,None
10308,1318,2015-05-13T20:00:00-04:00,False,None
6663,1622,2015-03-27T22:00:00-04:00,False,None
6660,1622,2015-03-28T21:45:00-04:00,False,None
6664,1622,2015-03-27T19:30:00-04:00,False,None
6661,1622,2015-03-28T19:30:00-04:00,False,None
6662,1622,2015-03-26T20:00:00-04:00,False,None
6779,1613,2015-03-07T15:30:00-05:00,False,None
17656,1613,2015-07-11T14:30:00-04:00,False,None
6612,1613,2015-01-31T15:30:00-05:00,False,None
20503,1613,2015-08-08T15:30:00-04:00,False,None
13519,1613,2015-05-02T15:30:00-04:00,False,None
7566,1613,2015-03-28T15:30:00-04:00,False,None
26482,1613,2015-10-24T15:30:00-04:00,False,None
23703,1613,2015-08-29T15:30:00-04:00,False,None
27859,1613,2015-12-01T19:30:00-05:00,False,None
26565,1613,2015-11-21T15:30:00-05:00,False,None
6642,1618,2015-03-05T19:15:00-05:00,False,None
6643,1618,2015-03-05T21:45:00-05:00,False,None
6617,1614,2015-02-21T23:59:00-05:00,False,None
7509,1614,2015-04-18T23:59:00-04:00,False,None
7500,1614,2015-03-28T23:59:00-04:00,False,None
6613,1614,2015-01-31T23:59:00-05:00,False,None
10313,1614,2015-05-16T23:59:00-04:00,False,None
6654,1621,2015-03-21T21:45:00-04:00,False,None
6657,1621,2015-03-20T22:00:00-04:00,False,None
6656,1621,2015-03-19T20:00:00-04:00,False,None
6659,1621,2015-03-22T19:30:00-04:00,False,None
6658,1621,2015-03-20T19:30:00-04:00,False,None
6655,1621,2015-03-21T19:30:00-04:00,False,None
6697,1629,2015-01-29T20:00:00-05:00,False,None
6771,1648,2015-03-25T20:00:00-04:00,False,None
6875,1686,2015-04-17T22:00:00-04:00,False,None
6877,1686,2015-04-16T20:00:00-04:00,False,None
6876,1686,2015-04-17T19:30:00-04:00,False,None
6880,1686,2015-04-19T19:30:00-04:00,False,None
6878,1686,2015-04-18T21:45:00-04:00,False,None
6879,1686,2015-04-18T19:30:00-04:00,True,None
6871,1685,2015-04-09T20:00:00-04:00,False,None
6873,1685,2015-04-10T19:30:00-04:00,False,None
6874,1685,2015-04-12T19:30:00-04:00,False,None
6870,1685,2015-04-11T19:30:00-04:00,False,None
6872,1685,2015-04-10T22:00:00-04:00,False,None
6869,1685,2015-04-11T21:45:00-04:00,False,None
6866,1684,2015-04-02T20:00:00-04:00,False,None
6865,1684,2015-04-04T19:30:00-04:00,False,None
6868,1684,2015-04-03T19:30:00-04:00,False,None
6864,1684,2015-04-04T21:45:00-04:00,False,None
6867,1684,2015-04-03T22:00:00-04:00,False,None
7960,1964,2015-05-23T19:00:00-04:00,False,None
7962,1964,2015-05-24T19:30:00-04:00,False,None
7957,1964,2015-05-21T19:30:00-04:00,False,None
7959,1964,2015-05-22T19:00:00-04:00,False,None
7961,1964,2015-05-23T21:15:00-04:00,False,None
7958,1964,2015-05-22T21:15:00-04:00,False,None
10310,447,2015-05-20T20:00:00-04:00,False,None
4674,447,2014-09-24T20:00:00-04:00,False,None
5459,447,2014-09-24T20:00:00-04:00,False,None
16563,3755,2015-06-19T19:30:00-04:00,False,None
16561,3755,2015-06-20T21:45:00-04:00,False,None
7950,1962,2015-05-09T19:30:00-04:00,False,None
7951,1962,2015-05-09T21:45:00-04:00,False,None
7952,1962,2015-05-07T20:00:00-04:00,False,None
7953,1962,2015-05-08T19:30:00-04:00,False,None
7954,1962,2015-05-08T22:00:00-04:00,False,None
29820,8691,2016-03-09T20:00:00-05:00,False,None
10360,2480,2015-05-28T20:00:00-04:00,False,None
10361,2480,2015-05-29T22:00:00-04:00,False,None
10362,2480,2015-05-30T19:30:00-04:00,False,None
10359,2480,2015-05-29T19:30:00-04:00,False,None
10358,2480,2015-05-27T20:00:00-04:00,False,None
10363,2480,2015-05-30T21:45:00-04:00,False,None
10364,2480,2015-05-31T19:00:00-04:00,False,None
10315,2478,2015-05-30T23:59:00-04:00,False,None
31411,9179,2016-03-31T20:00:00-04:00,False,None
31410,9179,2016-04-01T19:30:00-04:00,False,None
31409,9179,2016-04-01T22:00:00-04:00,False,None
31408,9179,2016-04-02T19:30:00-04:00,False,None
31407,9179,2016-04-02T21:45:00-04:00,False,None
16038,3562,2015-06-24T19:30:00-04:00,False,None
18385,3562,2015-06-24T21:45:00-04:00,False,None
16626,3768,2015-05-24T19:30:00-04:00,False,None
16621,3768,2015-05-21T19:30:00-04:00,False,None
16624,3768,2015-05-23T19:00:00-04:00,False,None
16625,3768,2015-05-23T21:15:00-04:00,False,None
16663,3790,2015-06-06T21:45:00-04:00,False,None
16662,3790,2015-06-06T19:30:00-04:00,False,None
16665,3790,2015-06-05T19:30:00-04:00,False,None
16666,3790,2015-06-05T22:00:00-04:00,False,None
16664,3790,2015-06-04T20:00:00-04:00,False,None
8810,2172,2015-05-15T19:30:00-04:00,False,None
8811,2172,2015-05-15T22:00:00-04:00,False,None
8807,2172,2015-05-16T19:30:00-04:00,False,None
8809,2172,2015-05-14T20:00:00-04:00,False,None
8808,2172,2015-05-16T21:45:00-04:00,False,None
17416,3986,2015-07-02T20:00:00-04:00,False,None
17419,3986,2015-07-04T19:30:00-04:00,False,None
17417,3986,2015-07-03T19:30:00-04:00,False,None
17418,3986,2015-07-03T22:00:00-04:00,False,None
17496,4005,2015-07-09T20:00:00-04:00,False,None
17500,4005,2015-07-11T21:45:00-04:00,False,None
17499,4005,2015-07-11T19:30:00-04:00,False,None
17498,4005,2015-07-10T22:00:00-04:00,False,None
17497,4005,2015-07-10T19:30:00-04:00,False,None
22725,6240,2015-10-22T20:00:00-04:00,False,None
22727,6240,2015-10-23T22:00:00-04:00,False,None
22729,6240,2015-10-24T21:45:00-04:00,False,None
22726,6240,2015-10-23T19:30:00-04:00,False,None
22728,6240,2015-10-24T19:30:00-04:00,False,None
17993,4138,2015-08-14T19:30:00-04:00,False,None
17992,4138,2015-08-13T20:00:00-04:00,False,None
17996,4138,2015-08-15T21:45:00-04:00,False,None
17995,4138,2015-08-15T19:30:00-04:00,False,None
17994,4138,2015-08-14T22:00:00-04:00,False,None
17997,4139,2015-08-19T19:30:00-04:00,False,None
18000,4140,2015-08-21T22:00:00-04:00,False,None
17999,4140,2015-08-21T19:30:00-04:00,False,None
18002,4140,2015-08-22T21:45:00-04:00,False,None
18001,4140,2015-08-22T19:30:00-04:00,False,None
17998,4140,2015-08-20T20:00:00-04:00,False,None
18197,4198,2015-07-30T20:00:00-04:00,False,None
18198,4198,2015-08-01T21:45:00-04:00,False,None
18196,4198,2015-08-01T19:30:00-04:00,False,None
18194,4198,2015-07-31T19:30:00-04:00,False,None
18195,4198,2015-07-31T22:00:00-04:00,False,None
24011,6687,2015-11-15T20:00:00-05:00,False,None
18113,4173,2015-10-31T19:30:00-04:00,False,None
18114,4173,2015-10-31T21:45:00-04:00,False,None
18110,4173,2015-10-29T20:00:00-04:00,False,None
18111,4173,2015-10-30T19:30:00-04:00,False,None
18112,4173,2015-10-30T22:00:00-04:00,False,None
13489,3105,2015-06-10T19:00:00-04:00,False,None
13493,3105,2015-06-17T19:00:00-04:00,False,None
17810,3105,2015-06-25T22:00:00-04:00,False,None
13490,3105,2015-06-10T22:00:00-04:00,False,None
13498,3105,2015-06-23T22:00:00-04:00,False,None
13496,3105,2015-06-22T22:00:00-04:00,False,None
17811,3105,2015-06-28T19:00:00-04:00,False,None
13491,3105,2015-06-16T19:00:00-04:00,False,None
13492,3105,2015-06-16T22:00:00-04:00,False,None
13486,3105,2015-06-08T22:00:00-04:00,False,None
13485,3105,2015-06-08T19:00:00-04:00,False,None
13482,3105,2015-06-02T22:00:00-04:00,False,None
13484,3105,2015-06-03T22:00:00-04:00,False,None
13483,3105,2015-06-03T19:00:00-04:00,False,None
13479,3105,2015-06-01T19:00:00-04:00,False,None
13481,3105,2015-06-02T19:00:00-04:00,False,None
13495,3105,2015-06-22T19:00:00-04:00,False,None
13480,3105,2015-06-01T22:00:00-04:00,False,None
13497,3105,2015-06-23T19:00:00-04:00,False,None
13494,3105,2015-06-17T22:00:00-04:00,False,None
20275,4991,2015-07-29T20:00:00-04:00,False,None
29716,4991,2015-12-16T20:00:00-05:00,False,None
26584,4991,2015-11-04T20:00:00-05:00,False,None
22849,4991,2015-09-16T20:00:00-04:00,False,None
29717,5009,2015-12-30T20:00:00-05:00,False,None
22847,5009,2015-09-09T20:00:00-04:00,False,None
20331,5009,2015-08-19T20:00:00-04:00,False,None
26356,5009,2015-10-21T20:00:00-04:00,False,None
21439,5792,2015-09-24T20:00:00-04:00,False,None
22717,6228,2015-10-08T20:00:00-04:00,False,None
22716,6228,2015-10-10T19:30:00-04:00,False,None
22714,6228,2015-10-09T19:30:00-04:00,False,None
22715,6228,2015-10-09T22:00:00-04:00,False,None
22718,6228,2015-10-10T21:45:00-04:00,False,None
27067,7673,2015-12-12T21:45:00-05:00,False,None
27064,7673,2015-12-11T19:30:00-05:00,False,None
27068,7673,2015-12-09T20:00:00-05:00,False,None
27066,7673,2015-12-12T19:30:00-05:00,False,None
27065,7673,2015-12-11T22:00:00-05:00,False,None
27063,7673,2015-12-10T20:00:00-05:00,False,None
27161,7697,2015-12-27T19:30:00-05:00,False,None
27159,7697,2015-12-26T19:30:00-05:00,False,None
27160,7697,2015-12-26T21:45:00-05:00,False,None
27257,7723,2015-11-30T19:30:00-05:00,False,None
22119,6118,2015-09-17T20:00:00-04:00,False,None
24066,6704,2015-09-30T20:00:00-04:00,False,None
20593,5070,2015-09-19T19:30:00-04:00,False,None
20594,5070,2015-09-19T21:45:00-04:00,False,None
20592,5070,2015-09-18T22:00:00-04:00,False,None
20591,5070,2015-09-18T19:30:00-04:00,False,None
20590,5070,2015-09-20T19:00:00-04:00,False,None
18011,4143,2015-10-03T19:30:00-04:00,False,None
18012,4143,2015-10-03T21:45:00-04:00,True,None
18013,4143,2015-10-01T19:30:00-04:00,False,None
18009,4143,2015-10-02T19:30:00-04:00,False,None
18010,4143,2015-10-02T22:00:00-04:00,True,None
24199,6779,2015-11-11T20:00:00-05:00,False,None
24593,6951,2015-11-06T19:30:00-05:00,False,None
24594,6951,2015-11-06T22:00:00-05:00,False,None
24592,6951,2015-11-07T19:30:00-05:00,False,None
24595,6951,2015-11-05T20:00:00-05:00,False,None
24591,6951,2015-11-07T21:45:00-05:00,False,None
31687,9268,2016-01-30T21:45:00-05:00,False,None
31684,9268,2016-01-29T19:30:00-05:00,False,None
31685,9268,2016-01-29T22:00:00-05:00,False,None
31686,9268,2016-01-30T19:30:00-05:00,True,None
26580,7502,2015-10-14T20:00:00-04:00,False,None
37630,11107,2016-07-24T19:30:00-04:00,False,None
33053,9722,2016-05-14T21:45:00-04:00,False,None
33058,9722,2016-05-15T19:30:00-04:00,False,None
33057,9722,2016-05-13T19:30:00-04:00,False,None
33056,9722,2016-05-13T22:00:00-04:00,False,None
33054,9722,2016-05-14T19:30:00-04:00,False,None
33055,9722,2016-05-12T20:00:00-04:00,False,None
33088,9728,2016-06-24T22:00:00-04:00,False,None
33089,9728,2016-06-24T19:30:00-04:00,False,None
33086,9728,2016-06-25T19:30:00-04:00,False,None
33087,9728,2016-06-23T20:00:00-04:00,False,None
33085,9728,2016-06-25T21:45:00-04:00,False,None
27171,7699,2016-04-30T21:45:00-04:00,False,None
27167,7699,2016-04-28T20:00:00-04:00,False,None
27168,7699,2016-04-29T19:30:00-04:00,False,None
27170,7699,2016-04-30T19:30:00-04:00,False,None
27169,7699,2016-04-29T22:00:00-04:00,False,None
35643,7699,2016-05-01T19:30:00-04:00,False,None
30723,8968,2016-02-28T12:00:00-05:00,False,None
27062,7672,2015-12-02T20:00:00-05:00,False,None
27058,7672,2015-12-04T19:30:00-05:00,False,None
27059,7672,2015-12-04T22:00:00-05:00,False,None
27061,7672,2015-12-05T21:45:00-05:00,False,None
27057,7672,2015-12-03T20:00:00-05:00,False,None
27060,7672,2015-12-05T19:30:00-05:00,False,None
27593,7847,2015-10-27T20:00:00-04:00,False,None
36770,9905,2016-06-26T16:20:00-04:00,False,None
33683,9905,2016-06-25T16:20:00-04:00,True,None
28298,8114,2015-11-21T15:30:00-05:00,False,None
29156,8114,2015-12-05T15:00:00-05:00,False,None
40645,12067,2016-09-20T20:00:00-04:00,False,None
28902,8360,2015-11-27T20:00:00-05:00,False,None
28891,8355,2016-01-21T20:00:00-05:00,False,None
28893,8355,2016-01-22T19:30:00-05:00,False,None
28890,8355,2016-01-23T19:30:00-05:00,False,None
28894,8355,2016-01-23T21:45:00-05:00,False,None
28895,8355,2016-01-24T19:00:00-05:00,False,None
28892,8355,2016-01-22T22:00:00-05:00,False,None
29007,8392,2016-01-27T20:00:00-05:00,False,None
27537,7698,2016-01-29T19:30:00-05:00,False,None
27165,7698,2016-01-30T19:30:00-05:00,False,None
27538,7698,2016-01-29T22:00:00-05:00,False,None
27540,7698,2016-01-30T21:45:00-05:00,False,None
27536,7698,2016-01-28T20:00:00-05:00,False,None
24210,6781,2015-11-21T21:45:00-05:00,False,None
24206,6781,2015-11-19T20:00:00-05:00,False,None
24208,6781,2015-11-20T19:30:00-05:00,False,None
24207,6781,2015-11-20T22:00:00-05:00,False,None
24209,6781,2015-11-21T19:30:00-05:00,False,None
31140,9099,2016-03-10T20:00:00-05:00,False,None
31144,9099,2016-03-12T21:45:00-05:00,False,None
31145,9099,2016-03-12T19:30:00-05:00,False,None
31141,9099,2016-03-11T22:00:00-05:00,False,None
31143,9099,2016-03-13T20:00:00-04:00,False,None
31142,9099,2016-03-11T19:30:00-05:00,False,None
29290,8496,2015-12-27T19:30:00-05:00,False,None
29288,8496,2015-12-26T19:30:00-05:00,False,None
29289,8496,2015-12-26T21:45:00-05:00,False,None
28882,8354,2016-01-16T21:45:00-05:00,False,None
28881,8354,2016-01-15T19:30:00-05:00,False,None
28880,8354,2016-01-15T22:00:00-05:00,True,None
29038,8354,2016-01-17T19:30:00-05:00,False,None
28879,8354,2016-01-14T20:00:00-05:00,False,None
28883,8354,2016-01-16T19:30:00-05:00,False,None
33063,9723,2016-05-21T19:30:00-04:00,False,None
33060,9723,2016-05-20T22:00:00-04:00,False,None
33062,9723,2016-05-21T21:45:00-04:00,False,None
33059,9723,2016-05-19T20:00:00-04:00,False,None
33061,9723,2016-05-20T19:30:00-04:00,False,None
33081,9727,2016-06-18T19:30:00-04:00,False,None
33082,9727,2016-06-17T22:00:00-04:00,False,None
33080,9727,2016-06-18T21:45:00-04:00,False,None
33084,9727,2016-06-17T19:30:00-04:00,False,None
33083,9727,2016-06-16T20:00:00-04:00,False,None
33607,9865,2016-04-21T20:00:00-04:00,False,None
33609,9865,2016-04-22T22:00:00-04:00,False,None
33611,9865,2016-04-23T19:30:00-04:00,False,None
33608,9865,2016-04-22T19:30:00-04:00,False,None
33610,9865,2016-04-23T21:45:00-04:00,False,None
33903,9983,2016-03-31T22:00:00-04:00,False,None
33739,9939,2016-04-27T20:00:00-04:00,False,None
31156,9101,2016-03-26T21:45:00-04:00,False,None
31153,9101,2016-03-24T20:00:00-04:00,False,None
31155,9101,2016-03-25T19:30:00-04:00,False,None
31154,9101,2016-03-25T22:00:00-04:00,False,None
31157,9101,2016-03-26T19:30:00-04:00,False,None
31151,9100,2016-03-20T19:30:00-04:00,False,None
31148,9100,2016-03-17T20:00:00-04:00,False,None
31149,9100,2016-03-18T22:00:00-04:00,False,None
31147,9100,2016-03-19T19:30:00-04:00,False,None
31150,9100,2016-03-18T19:30:00-04:00,False,None
31146,9100,2016-03-19T21:45:00-04:00,False,None
43303,7470,2016-10-19T00:00:00-04:00,False,None
43352,7470,2016-11-24T00:00:00-05:00,False,None
43358,7470,2016-09-14T00:00:00-04:00,False,None
43302,7470,2016-10-18T00:00:00-04:00,False,None
28629,7470,2015-11-10T17:00:00-05:00,False,None
26425,7470,2015-09-25T18:00:00-04:00,False,None
26426,7470,2015-09-26T17:00:00-04:00,False,None
39415,7470,2016-07-26T00:00:00-04:00,False,None
39416,7470,2016-07-27T00:00:00-04:00,False,None
34832,10291,2016-04-06T20:00:00-04:00,False,None
34786,10291,2016-04-05T20:00:00-04:00,False,None
34800,10291,2016-04-05T22:15:00-04:00,False,None
34859,10318,2017-08-11T19:30:00-04:00,False,None
34858,10318,2017-08-11T22:00:00-04:00,False,None
34856,10318,2017-08-12T21:45:00-04:00,False,None
34860,10318,2017-08-10T20:00:00-04:00,False,None
34857,10318,2017-08-12T19:30:00-04:00,False,None
35068,10400,2016-05-11T20:00:00-04:00,False,None
35482,10540,2016-07-08T19:30:00-04:00,False,None
35483,10540,2016-07-08T22:00:00-04:00,False,None
35484,10540,2016-07-09T19:30:00-04:00,False,None
35485,10540,2016-07-09T22:00:00-04:00,False,None
35477,10538,2016-07-08T19:30:00-04:00,False,None
35474,10538,2016-07-08T22:00:00-04:00,False,None
35475,10538,2016-07-09T19:30:00-04:00,False,None
35476,10538,2016-07-09T21:45:00-04:00,False,None
35711,10610,2017-09-01T19:00:00-04:00,False,None
35870,10657,2016-07-02T19:30:00-04:00,False,None
35871,10657,2016-07-02T22:00:00-04:00,False,None
35868,10657,2016-07-01T19:30:00-04:00,False,None
35867,10657,2016-06-30T20:00:00-04:00,False,None
35869,10657,2016-07-01T22:00:00-04:00,False,None
35876,10658,2016-07-22T22:00:00-04:00,False,None
35879,10658,2016-07-23T22:00:00-04:00,False,None
35877,10658,2016-07-23T19:30:00-04:00,False,None
35873,10658,2016-07-21T20:00:00-04:00,False,None
35875,10658,2016-07-22T19:30:00-04:00,False,None
36948,10932,2016-11-17T20:00:00-05:00,False,None
36217,10718,2017-09-01T21:00:00-04:00,False,None
38123,11252,2016-08-07T19:30:00-04:00,False,None
38060,11234,2016-07-01T22:00:00-04:00,False,None
38058,11234,2016-06-30T20:00:00-04:00,False,None
38062,11234,2016-07-02T22:00:00-04:00,False,None
38059,11234,2016-07-01T19:30:00-04:00,False,None
38061,11234,2016-07-02T19:30:00-04:00,False,None
35891,10662,2016-08-18T20:00:00-04:00,False,None
35894,10662,2016-08-20T19:30:00-04:00,False,None
35892,10662,2016-08-19T19:30:00-04:00,False,None
35895,10662,2016-08-20T22:00:00-04:00,False,None
35893,10662,2016-08-19T22:00:00-04:00,False,None
39582,11694,2017-11-04T19:00:00-04:00,False,None
39101,11562,2016-09-23T22:00:00-04:00,False,None
39099,11562,2016-09-22T20:00:00-04:00,False,None
39103,11562,2016-09-24T22:00:00-04:00,False,None
39100,11562,2016-09-23T19:30:00-04:00,False,None
39102,11562,2016-09-24T19:30:00-04:00,False,None
39104,11562,2016-09-25T19:30:00-04:00,False,None
39076,11556,2016-08-25T20:00:00-04:00,False,None
39080,11556,2016-08-27T22:00:00-04:00,True,None
39078,11556,2016-08-26T22:00:00-04:00,False,None
39077,11556,2016-08-26T19:30:00-04:00,False,None
39079,11556,2016-08-27T19:30:00-04:00,True,None
39834,11775,2016-08-10T20:00:00-04:00,False,None
56259,8793,2017-05-17T20:00:00-04:00,False,None
30165,8793,2016-01-13T20:00:00-05:00,False,None
41698,12417,2016-09-02T19:30:00-04:00,True,None
41700,12417,2016-09-03T19:30:00-04:00,False,None
41702,12417,2016-09-04T19:15:00-04:00,True,None
41703,12417,2016-09-04T21:45:00-04:00,True,None
41699,12417,2016-09-02T22:00:00-04:00,False,None
41701,12417,2016-09-03T22:00:00-04:00,True,None
39833,11774,2016-08-24T20:00:00-04:00,False,None
43484,11774,2016-11-30T20:00:00-05:00,False,None
41552,12365,2016-11-04T22:00:00-04:00,False,None
41553,12365,2016-11-05T19:30:00-04:00,True,None
41554,12365,2016-11-05T22:00:00-04:00,True,None
41551,12365,2016-11-04T19:30:00-04:00,False,None
41550,12365,2016-11-03T20:00:00-04:00,False,None
40622,12052,2016-11-09T20:00:00-05:00,False,None
53195,16191,2017-05-13T19:30:00-04:00,False,None
53194,16191,2017-05-12T22:00:00-04:00,False,None
53193,16191,2017-05-12T19:30:00-04:00,False,None
53196,16191,2017-05-13T22:00:00-04:00,False,None
53192,16191,2017-05-11T20:00:00-04:00,False,None
43360,12904,2016-10-19T09:00:00-04:00,False,None
43359,12904,2016-10-18T09:00:00-04:00,False,None
42695,4999,2016-09-01T20:00:00-04:00,False,None
22805,4999,2015-09-12T23:59:00-04:00,False,None
20302,4999,2015-08-22T23:59:00-04:00,False,None
41532,12360,2016-10-07T22:00:00-04:00,False,None
41531,12360,2016-10-07T19:30:00-04:00,False,None
41533,12360,2016-10-08T19:30:00-04:00,True,None
41534,12360,2016-10-08T22:00:00-04:00,False,None
41530,12360,2016-10-06T20:00:00-04:00,False,None
53599,16356,2017-05-05T19:30:00-04:00,False,None
53600,16356,2017-05-05T22:00:00-04:00,False,None
53602,16356,2017-05-06T22:00:00-04:00,False,None
53603,16356,2017-05-07T19:30:00-04:00,False,None
53601,16356,2017-05-06T19:30:00-04:00,False,None
39961,10154,2016-08-31T20:00:00-04:00,False,None
36925,10154,2016-05-18T20:00:00-04:00,False,None
62677,10154,2017-09-06T20:00:00-04:00,False,None
34395,10154,2016-03-30T20:00:00-04:00,False,None
37177,10992,2016-08-14T19:30:00-04:00,False,None
37178,10992,2016-08-11T20:00:00-04:00,False,None
37173,10992,2016-08-12T19:30:00-04:00,False,None
37175,10992,2016-08-13T21:45:00-04:00,True,None
37176,10992,2016-08-12T22:00:00-04:00,False,None
37174,10992,2016-08-13T19:30:00-04:00,False,None
46746,14095,2016-11-21T20:00:00-05:00,False,None
52158,15840,2017-04-22T16:00:00-04:00,True,None
39830,8795,2016-10-29T15:30:00-04:00,False,None
38014,8795,2016-06-04T15:30:00-04:00,False,None
35062,8795,2016-04-30T15:30:00-04:00,False,None
38732,8795,2016-09-03T15:30:00-04:00,False,None
30168,8795,2016-01-30T15:30:00-05:00,False,None
38115,8795,2016-07-07T19:00:00-04:00,False,None
30169,8795,2016-02-27T15:30:00-05:00,False,None
38731,8795,2016-08-06T15:30:00-04:00,False,None
30170,8795,2016-03-26T14:30:00-04:00,False,None
39829,8795,2016-10-01T15:30:00-04:00,False,None
39832,8795,2016-12-03T15:30:00-05:00,False,None
45357,13630,2016-10-30T19:00:00-04:00,False,None
45353,13630,2016-10-28T19:30:00-04:00,False,None
45354,13630,2016-10-28T22:00:00-04:00,False,None
45352,13630,2016-10-27T19:30:00-04:00,False,None
45355,13630,2016-10-29T19:30:00-04:00,False,None
45356,13630,2016-10-29T22:00:00-04:00,True,None
45259,13591,2016-11-16T23:55:00-05:00,False,None
52167,13591,2017-04-30T00:00:00-04:00,False,None
52168,13591,2017-04-26T00:00:00-04:00,False,None
77456,13591,2018-04-16T23:55:00-04:00,False,None
43950,13090,2016-11-26T19:30:00-05:00,False,None
43949,13090,2016-11-26T22:00:00-05:00,False,None
43947,13090,2016-11-25T22:00:00-05:00,False,None
43946,13090,2016-11-23T20:00:00-05:00,False,None
43948,13090,2016-11-25T19:30:00-05:00,False,None
41546,12364,2016-10-28T22:00:00-04:00,False,None
41547,12364,2016-10-29T19:30:00-04:00,False,None
41544,12364,2016-10-27T20:00:00-04:00,False,None
41549,12364,2016-10-30T19:00:00-04:00,False,None
41548,12364,2016-10-29T22:00:00-04:00,False,None
41545,12364,2016-10-28T19:30:00-04:00,False,None
52166,15843,2017-05-04T19:30:00-04:00,False,None
43361,12905,2016-11-24T09:00:00-05:00,False,None
45366,13633,2016-12-31T20:00:00-05:00,False,None
45367,13633,2016-12-31T22:30:00-05:00,True,None
43934,13086,2016-11-01T20:00:00-04:00,False,None
13552,3112,2015-06-09T19:30:00-04:00,False,None
33755,3112,2016-05-24T20:00:00-04:00,False,None
26568,3112,2015-12-07T19:30:00-05:00,False,None
39840,3112,2016-12-18T19:00:00-05:00,False,None
52587,3112,2017-05-14T19:00:00-04:00,False,None
39094,11561,2016-09-17T22:00:00-04:00,False,None
39097,11561,2016-09-16T22:00:00-04:00,False,None
39098,11561,2016-09-18T19:30:00-04:00,False,None
39096,11561,2016-09-16T19:30:00-04:00,False,None
39093,11561,2016-09-17T19:30:00-04:00,False,None
39095,11561,2016-09-15T20:00:00-04:00,False,None
47783,14453,2016-12-23T22:00:00-05:00,False,None
47782,14453,2016-12-23T19:30:00-05:00,False,None
46797,14111,2016-12-06T20:00:00-05:00,False,None
47445,9676,2017-01-04T20:00:00-05:00,False,None
39962,9676,2016-09-21T20:00:00-04:00,False,None
32916,9676,2016-03-02T20:00:00-05:00,False,None
35060,9676,2016-05-04T20:00:00-04:00,False,None
60918,9676,2017-08-30T20:00:00-04:00,False,None
45459,415,2016-12-03T10:00:00-05:00,False,None
4203,415,2014-07-12T09:00:00-04:00,False,None
4204,415,2014-07-13T09:00:00-04:00,False,None
52586,415,2017-05-13T10:00:00-04:00,False,None
41535,12362,2016-10-14T19:30:00-04:00,False,None
41538,12362,2016-10-15T22:00:00-04:00,False,None
41537,12362,2016-10-15T19:30:00-04:00,False,None
41536,12362,2016-10-14T22:00:00-04:00,False,None
50078,15168,2017-04-15T19:30:00-04:00,True,None
50077,15168,2017-04-15T22:00:00-04:00,True,None
50076,15168,2017-04-14T19:30:00-04:00,False,None
50075,15168,2017-04-14T22:00:00-04:00,False,None
39425,8726,2016-09-20T20:00:00-04:00,False,None
43334,8726,2016-10-18T20:00:00-04:00,False,None
43336,8726,2016-11-01T20:00:00-04:00,False,None
43342,8726,2016-12-27T20:00:00-05:00,False,None
43341,8726,2016-12-20T20:00:00-05:00,False,None
43339,8726,2016-11-29T20:00:00-05:00,False,None
39421,8726,2016-08-23T20:00:00-04:00,False,None
43335,8726,2016-10-25T20:00:00-04:00,False,None
47448,8726,2017-01-17T20:00:00-05:00,False,None
47453,8726,2017-02-14T20:00:00-05:00,False,None
47449,8726,2017-01-24T20:00:00-05:00,False,None
29922,8726,2016-01-19T20:00:00-05:00,False,None
47452,8726,2017-02-07T20:00:00-05:00,False,None
35056,8726,2016-05-03T20:00:00-04:00,False,None
33122,8726,2016-04-05T20:00:00-04:00,False,None
35327,8726,2016-04-19T20:00:00-04:00,False,None
47447,8726,2017-01-10T20:00:00-05:00,False,None
38017,8726,2016-06-07T20:00:00-04:00,False,None
43338,8726,2016-11-22T20:00:00-05:00,False,None
47455,8726,2017-02-28T20:00:00-05:00,False,None
43337,8726,2016-11-08T20:00:00-05:00,False,None
39420,8726,2016-08-16T20:00:00-04:00,False,None
39426,8726,2016-09-27T20:00:00-04:00,False,None
39427,8726,2016-10-04T20:00:00-04:00,False,None
39428,8726,2016-10-11T20:00:00-04:00,False,None
47446,8726,2017-01-03T20:00:00-05:00,False,None
29926,8726,2016-02-16T20:00:00-05:00,False,None
29919,8726,2016-01-05T20:00:00-05:00,False,None
29920,8726,2016-01-12T20:00:00-05:00,False,None
29927,8726,2016-02-23T20:00:00-05:00,False,None
29932,8726,2016-03-29T20:00:00-04:00,False,None
29931,8726,2016-03-22T20:00:00-04:00,False,None
29929,8726,2016-03-08T20:00:00-05:00,False,None
29930,8726,2016-03-15T20:00:00-04:00,False,None
29925,8726,2016-02-09T20:00:00-05:00,False,None
29928,8726,2016-03-01T20:00:00-05:00,False,None
35059,8726,2016-05-31T20:00:00-04:00,False,None
33123,8726,2016-04-12T20:00:00-04:00,False,None
29924,8726,2016-02-02T20:00:00-05:00,False,None
35058,8726,2016-05-17T20:00:00-04:00,False,None
35057,8726,2016-05-10T20:00:00-04:00,False,None
39424,8726,2016-09-13T20:00:00-04:00,False,None
39419,8726,2016-08-09T20:00:00-04:00,False,None
39417,8726,2016-08-02T20:00:00-04:00,False,None
39422,8726,2016-08-30T20:00:00-04:00,False,None
39423,8726,2016-09-06T20:00:00-04:00,False,None
48888,8726,2017-03-14T20:00:00-04:00,False,None
43340,8726,2016-12-13T20:00:00-05:00,False,None
47450,8726,2017-01-31T20:00:00-05:00,False,None
47454,8726,2017-02-21T20:00:00-05:00,False,None
48887,8726,2017-03-07T20:00:00-05:00,False,None
29923,8726,2016-01-26T20:00:00-05:00,False,None
63310,19413,2017-12-14T20:00:00-05:00,False,None
63313,19413,2017-12-16T19:30:00-05:00,False,None
63312,19413,2017-12-15T22:00:00-05:00,False,None
63314,19413,2017-12-16T22:00:00-05:00,False,None
63311,19413,2017-12-15T19:30:00-05:00,False,None
46920,14159,2017-01-06T19:30:00-05:00,False,None
46922,14159,2017-01-07T19:30:00-05:00,False,None
46921,14159,2017-01-07T22:00:00-05:00,False,None
46918,14159,2017-01-05T20:00:00-05:00,False,None
46919,14159,2017-01-06T22:00:00-05:00,False,None
45245,13585,2016-12-09T19:30:00-05:00,False,None
45247,13585,2016-12-10T19:30:00-05:00,False,None
45246,13585,2016-12-10T22:00:00-05:00,True,None
45243,13585,2016-12-08T20:00:00-05:00,False,None
45244,13585,2016-12-09T22:00:00-05:00,False,None
